지역,업소명,사업자명(대표자),소재지,총면적(제곱미터) ,홀수(홀),세부종류
경기,한양컨트리클럽,이승호,고양시 덕양구 고양대로1643번길 164,1441066,36,회원제
경기,뉴코리아 컨트리클럽,성하현,고양시 덕양구 신원2로 57,880053,18,회원제
경기,고양컨트리클럽,김기자,고양시 덕양구 흥도로 304-23,295598,9,대중제
경기,1.2.3,한제걸,고양시 덕양구 통일로 43-168,334432,6,대중제
경기,올림픽 골프장,이관식,고양시 덕양구 혜음로 301,313921,9,대중제
경기,일산스프링힐스 컨트리클럽,김명두,고양시 일산동구 산황로 108,230094,9,대중제
경기,한양컨트리클럽 대중제 9홀 골프장,"홍순직,이승호",고양시 덕양구 고양대로 1591,351587,9,대중제
경기,한원CC,김인식,용인시 처인구 남사읍 전나무골길 2번길 94,1024961,27,회원제
경기,양지파인CC,임태주,용인시 처인구 양지면 남평로 112,1012580,27,대중제
경기,수원CC,"김효석,김우현",용인시 기흥구 중부대로 495,1480410,36,회원제
경기,플라자CC,김형조,용인시 처인구 남사읍 봉무로 153번길 79,1899082,36,회원제
경기,태광CC,전용인,용인시 기흥구 흥덕4로 77,1088973,27,회원제
경기,태광CC,전용인,용인시 기흥구 흥덕4로 77,391788,9,대중제
경기,한성CC,전영자,용인시 기흥구 구교동로 151,1411398,27,회원제
경기,골드CC,이응로,용인시 기흥구 기흥단지로 398,1366197,36,회원제
경기,88CC,국가보훈처장,용인시 기흥구 석성로 521번길 169,2814762,36,회원제
경기,레이크사이드CC,문지태,용인시 처인구 모현읍 능원로 181,3198002,36,대중제
경기,레이크사이드CC,문지태,용인시 처인구 모현읍 능원로 181,1001737,18,회원제
경기,남부CC,정원석,용인시 기흥구 사은로 163,964521,18,회원제
경기,신원CC,이소미,용인시 이동읍 이원로 225,1721377,27,회원제
경기,은화삼CC,공비상,용인시 처인구 백옥대로 860-38,946086,18,회원제
경기,아시아나CC,김성일,용인시 처인구 양지면 양대로 290,2230679,36,회원제
경기,블루원용인CC,윤재원,용인시 처인구 원삼면 보개원삼로 1534번길 40,1079798,18,회원제
경기,블루원용인CC,윤재원,용인시 처인구 원삼면 보개원삼로 1534번길 40,439688,9,대중제
경기,코리아CC,이응로,용인시 처인구 이동읍 기흥단지로 579,1351017,27,회원제
경기,코리아퍼브릭,김영만,용인시 기흥구 기흥단지로 224,229181,9,대중제
경기,지산CC,이호재,용인시 처인구 원삼면 죽양대로 2000번길 60,1527293,27,회원제
경기,지산CC,이호재,용인시 처인구 원삼면 죽양대로 2100번길 60,184356,9,대중제
경기,화산CC,정수련,용인시 처인구 이동읍 화산로 239,1039272,18,회원제
경기,한림용인CC,이병진,용인시 처인구 남사읍 경기동로 628,1584819,27,대중제
경기,글렌로스골프클럽,한승환,용인시 처인구 포곡읍 에버랜드로 562번길 69,465916,9,대중제
경기,용인CC,조의제,용인시 처인구 백암면 황새울로 255,221886,9,대중제
경기,석천CC,박범준,용인시 처인구 백암면 황새울로 255,241685,9,대중제
경기,써닝포인트CC,임노원,용인시 처인구 백암면 고안로 51번길 205,1032853,18,대중제
경기,해솔리아CC,오갑균,용인시 처인구 이동읍 백자로 297번길 74,1666810,27,대중제
경기,세현CC,서남종,용인시 처인구 이동읍 백자로 450,997843,18,대중제
경기,남서울컨트리클럽,(주)경원건설정철승,성남시 분당구 안양판교로1201번길 1201,968466,18,회원제
경기,리베라CC,㈜관악(이진철),화성시 동탄면 중리길 183,1602766,36,회원제
경기,기흥CC,삼남개발(주)(김장자),화성시 동탄면 풀무골로106번길 244,2437045,36,회원제
경기,발리오스CC,신창기업(주)(배창환),화성시 팔탄면 3.1만세로 641-28,868471,18,회원제
경기,발리오스대중,신창기업(주)(배창환),화성시 팔탄면 3.1만세로 641-28,257744,9,대중제
경기,라비돌대중,㈜라비돌(최서원),화성시 정남면 세자로 286,261571,9,대중제
경기,상록GC,공무원연금관리공단(박노종),화성시 동탄면 풀무골로60번길 80,1472080,27,대중제
경기,화성골프클럽,㈜리더스(홍경선),화성시 남양읍 화성로 1393-27,199801,9,대중제
경기,링크나인골프클럽,(주)금당개발(소홍서),화성시 마도면 해운로630번길 49,166549,9,대중제
경기,아일랜드㈜,아일랜드㈜ (이창희),안산시 단원구 대선로466(대부남동),1147235,27,대중제
경기,제일스포츠센타,㈜제일스포츠센타(아세미트시로),안산시 상록구 태마당로28(부곡동),1457402,27,회원제
경기,양주C.C,김준수,남양주시 화도읍 북한강로 1525-52,1102660,18,회원제
경기,한림광릉C.C,광릉레져개발(주)김진규,남양주시 진접읍 팔야로 280,962229,18,회원제
경기,한림광릉C.C,광릉레져개발(주)김진규,남양주시 진접읍 팔야로 280,139847,6,대중제
경기,비전힐스C.C,㈜비젼힐스김상대,남양주시 화도읍 마치로 226-220,980000,18,회원제
경기,해비치C.C,해비치컨트리클럽(주)김민수,남양주시 화도읍 재재기로 190번길 160,1256971,18,회원제
경기,남양주C.C,라미드관광주식회사문병근,남양주시 오남읍 진건오남로536번길 44,979769,9,대중제
경기,솔트베이 골프클럽,㈜성담 솔트베이,시흥시 마유로 987 (장곡동),651583,18,대중제
경기,아세코밸리골프클럽,김도훈,시흥시 마전로 307 (거모동),189464,9,대중제
경기,서서울,호반서서울(주)(이정호),파주시 광탄면 혜음로 324,1035150,18,회원제
경기,서원밸리,서원레저㈜(이석호),파주시 광탄면 서원길 333,840845,18,회원제
경기,서원밸리,서원레저㈜(오성배),파주시 광탄면 서원길 333,1275973,27,대중제
경기,J-PUBLIC,㈜포스코오앤엠(김정수),파주시 조리읍 장곡로 100,153671,6,대중제
경기,파주CC,㈜파주컨트리클럽(윤준학),파주시 법원읍 화합로 306,987556,18,대중제
경기,베스트밸리,㈜베스트밸리(박세철),파주시 광탄면 장지산로200번길 32-41,411962,9,대중제
경기,노스팜,㈜노스팜(김정춘),파주시 광탄면 쇠장이길 227,986314,18,대중제
경기,스마트KU골프 파빌리온,학교법인 건국대학교(유자은),파주시 법원읍 보광로 1616,1702445,27,대중제
경기,타이거CC 골프장,(주)타이거 레저(임계자),파주시 파평면 덕천리 산1-4번지,777560,18,대중제
경기,김포 SEASIDE 컨트리클럽,해강개발주식회사(정인철),김포시 월곶면 김포대로 2081번길 219,932683,18,회원제
경기,남촌컨트리클럽,남촌레저개발㈜(한명희),광주시 곤지암읍 부항길 135-38,1079154,18,회원제
경기,이스트밸리컨트리클럽,청남관광(노선우),광주시 곤지암읍 건업리 4-43,1543334,27,회원제
경기,그린힐컨트리클럽,신안개발㈜(박훈),광주시 곤지암읍 내선길 176,862228,18,회원제
경기,강남300컨트리클럽,자인관광 주식회사(김한별),광주시 새말길 353(목동),830063,18,회원제
경기,큐로CC,경기관광 주식회사(김일준),광주시 곤지암읍 오항길 180,1359581,27,대중제
경기,곤지암GC,주식회사 디앤오(이동언),광주시 도척면 도척윗로 280,1038998,18,회원제
경기,중부컨트리클럽,애경중부컨트리클럽(송병호),광주시 곤지암읍 경충대로 451,1094718,18,회원제
경기,뉴서울컨트리클럽,한국문화예술위원회(박종관),광주시 삼지곡길 95(삼동),2548234,36,회원제
경기,삼성물산(주)안양컨트리클럽,삼성물산(주)안양컨트리클럽(한승환),군포시 군포로364(부곡동),878287,18,회원제
경기,㈜캐슬렉스서울 캐슬렉스골프클럽,㈜캐슬렉스서울(이성무),하남시 감이로 317(감이동),1756532,18,회원제
경기,로얄개발㈜ 레이크우드 골프장,최태영,양주시 만송로 244,1402074,27,회원제
경기,레이크우드 골프장,최태영,양주시 만송로 244,350029,9,대중제
경기,송추cc,나승준,양주시 광적면 쇠장이길 435,1401965,18,회원제
경기,에이치원클럽,호반써밋㈜(이정호),이천시 호법면 장자터로 115,1097458,18,회원제
경기,뉴스프링빌C.C.,㈜동승골프앤리조트(양병덕),이천시 모가면 사실로 527번길 158,1584094,36,회원제
경기,뉴스프링빌C.C.,㈜동승골프앤리조트(양병덕),이천시 모가면 사실로 527번길 158,341179,9,대중제
경기,비에이비스타C.C.,㈜삼풍관광(최철종),이천시 모가면 어농로 272,1580588,36,회원제
경기,비에이비스타C.C.,㈜삼풍관광(최철종),이천시 모가면 어농로 272,476296,18,대중제
경기,더반G.C.,㈜명문투자개발(우석민),이천시 대월면 대월로 627-141,299311,9,대중제
경기,사우스스프링스C.C.,㈜사우스스프링스(장수진),이천시 모가면 공원로 64,975509,18,대중제
경기,블랙스톤리조트이천,㈜블랙스톤리조트 이천(원기룡),이천시 장호원읍 장여로 459-160,874136,18,회원제
경기,블랙스톤리조트이천,㈜블랙스톤리조트 이천(원기룡),이천시 장호원읍 장여로 459-160,487424,9,대중제
경기,실크밸리G.C.,㈜이천 실크밸리(양정자),이천시 율면 임오산로 200번길 56-222,1379636,27,대중제
경기,이천마이다스골프앤리조트,(주)대교디앤에스(최득희),이천시 설성면 설가로 602,1386077,27,대중제
경기,웰링턴C.C.,효성중공업㈜ 웰링턴컨트리클럽(김동우),이천시 모가면 사실로 725번길 119-73,1467443,27,회원제
경기,더크로스비골프클럽,주식회사 호법포레(김한룡),이천시 호법면 중부대로798번길 177,1062819,27,대중제
경기,파인크리크C.C,㈜동양레저(강  선),안성시 양성면 안성맞춤대로 2417-13,1537924,27,대중제
경기,골프클럽Q,골프클럽큐레저(전상필),안성시 죽산면 장계길 20-229,1001876,18,대중제
경기,골프존카운티 안성H,㈜골프존카운티(서상현),안성시 보개면 보삼로 302,1106490,18,대중제
경기,마에스트로 CC,천원종합개발㈜(이성욱),안성시 양성면 안성맞춤대로 2134-36,919620,18,대중제
경기,안성컨트리클럽,㈜한일(한수일),안성시 죽산면 장계길 134,1088870,18,회원제
경기,안성베네스트G.C,삼성물산㈜(한승환),안성시 금광면 삼흥로 660,1767153,27,회원제
경기,신안컨트리클럽,신안종합레져㈜(박  훈),안성시 고삼면 개울말길 149,1102867,18,회원제
경기,윈체스트 골프클럽 대중,㈜다림개발(경지은),안성시 서운면 오촌길 97-31,826514,18,대중제
경기,루나힐스 안성컨트리클럽,블루원레저㈜(정영채),안성시 양성면 약산길 67-6,1189332,18,대중제
경기,신안 퍼블릭 CC,신안종합레져㈜(박  훈),안성시 고삼면 개울말길 149,297073,9,대중제
경기,안성베네스트골프클럽 일반대중홀,삼성물산㈜(한승환),안성시 금광면 삼흥로 660,505924,9,대중제
경기,골프존카운티 안성W,㈜골프존카운티(서상현),안성시 양성면 교동길 19-70,565751,9,대중제
경기,한림안성,일송개발㈜(이병진),안성시 양성면 양성로 349-61,240013,9,대중제
경기,에덴블루 컨트리클럽,죽산개발㈜(오승현),안성시 죽산면 장능리 산160,1238246,27,대중제
경기,필로스골프클럽,㈜선운(이성용),포천시 일동면 운악청계로 1507/ 포천시 일동면 기산리 (산) 142-1,1519198,27,대중제
경기,포천아도니스 C.C,㈜아도니스(정성경),포천시 신북면 포천로 2499/신북면 고일리(산) 59,1538257,27,회원제
경기,포천아도니스 C.C,㈜아도니스(정성경),포천시 신북면 포천로 2499,318701,9,대중제
경기,베어크리크골프클럽,㈜삼보개발(류경호),포천시 화현면 달인동로 35,2252583,36,대중제
경기,몽베르컨트리클럽,㈜동강홀딩스(김상국)㈜스마트홀딩스(김봉성),포천시 영북면 산정호수로 359-12,1209665,18,회원제
경기,몽베르컨트리클럽,㈜동강홀딩스(김상국)㈜스마트홀딩스(김봉성),포천시 영북면 산정호수로 359-13,1492261,18,대중제
경기,일동레이크 골프클럽,㈜농심개발(정철수),포천시 일동면 화동로 738/일동면 유동리 21-2,1154046,27,회원제
경기,일동레이크골프클럽,㈜농심개발(정철수),포천시 일동면 화동로 738,389684,9,대중제
경기,푸른솔 골프클럽포천,㈜유진로텍(조일구),포천시 가산면 금우로276,1415138,27,대중제
경기,포천힐스컨트리클럽,㈜한경엘앤디(정구학),포천시 군내면 반월산성로 375번길 34,1484312,27,대중제
경기,포레스트힐 C.C,㈜화현개발(홍승범),포천시 화현면 명덕리 178-1번지,1457261,24,대중제
경기,참밸리 컨트리클럽,㈜참빛글로벌이앤씨(이한일외 2),포천시 삼육사로 1978 / 설운동 603번지 일원,1085944,18,대중제
경기,샴발라 컨트리클럽,㈜샴발라(이완국),포천시 군내면 직두리 산1-1번지 일원,851634,18,대중제
경기,라싸 골프클럽,라싸디벨로프먼트(양창모),포천시 이동면 산142-1번지 일원,1504498,27,대중제
경기,더스타휴 컨트리클럽,"(주)한창산업개발(최인욱, 조한창)",양평군 양동면 양동로 756,1107410,1,회원제
경기,양평 TPC 골프장,(주)대지개발,양평군 지평면 대평평장길 133-8,1901420,1,대중제
경기,여주, I.G.M ㈜(이완재),여주시 월평로 78(여주읍 월송리 35-10),1214791,27,회원제
경기,남여주,남여주레저개발㈜(강봉석),여주시 가여로 532(여주읍 하거리 산49),1160743,27,대중제
경기,소피아그린,더케이소피아그린㈜(김용덕),여주시 점동면 소피아그린길 84(점동면 현수리 산13),1438632,27,대중제
경기,솔모로, (주)한일레저(김정억),여주시 가남읍 솔모로그린길 171(가남면 양귀리 산69),1924173,36,회원제
경기,금강, (주)금강레저(안경근),여주시 가남읍 여주남로 541(가남면 본두리 1-2),890860,18,회원제
경기,금강, (주)금강레저(안경근),여주시 가남읍 여주남로 541(가남면 본두리 1-2),359346,9,대중제
경기,자유, 신세계건설㈜(윤명규),여주시 가남읍 자유그린길 69(가남면 삼군리 산44외),2057832,36,회원제
경기,빅토리아, ㈜에스비레져(원용석),여주시 가남읍 송삼로 191(가남면 송림리 214),264176,9,대중제
경기,아리지," ㈜아리지(김양원, 곽준상)","여주시 가남읍 아리지그린길 68(가남면 안금리 산103, 양귀리 산10 일원)",1229038,27,대중제
경기,이포, 보광개발㈜(김성원),여주시 금사면 장흥로 416(금사면 장흥리 산1),1026137,18,회원제
경기,렉스필드, (주)렉스필드 컨트리클럽(남기성),여주시 산북면 광여로 1115(산북면 상품리 산108),855727,18,회원제
경기,렉스필드, (주)렉스필드 컨트리클럽(남기성),여주시 산북면 광여로 1115(산북면 상품리 산108),495762,9,대중제
경기,블루헤런,블루헤런㈜(권오삼),여주시 대신면 고달사로 67(대신면 상구리 산11-1),1081010,18,회원제
경기,신라,㈜케이엠에이치신라레저(박형식),여주시 북내면 신라그린길 84(북내면 덕산리 산3-1),1771550,27,대중제
경기,스카이밸리,힐드로사이㈜(이재원),여주시 북내면 운촌길 254(북내면 운촌리 산40),1048693,18,회원제
경기,스카이밸리,힐드로사이㈜(이재원),여주시 북내면 운촌길 254(북내면 운촌리 산40),911079,18,대중제
경기,캐슬파인, (주)캐슬파인 리조트(정귀수),여주시 강천면 부평로 580(강천면 부평리 산47-1),1057645,18,대중제
경기,해슬리나인브릿지, CJ대한통운㈜(강신호),여주시 명품1로 76(여주읍 연라리 산67-1 일원),1147780,18,회원제
경기,세라지오GC,주식회사 신한은행(문태식),여주시 여양로 530(북내면 신남리 산30-2),993332,18,대중제
경기,360도, 제이타우젠트㈜(김태호),여주시 강천면 부평로 609( 강천면 부평리 산59-3 일원),818914,18,대중제
경기,여주썬밸리,동광레저㈜(이창기),여주시 강천면 강문로 872(강천면 부평리 산109-1 일원 ),483956,9,대중제
경기,페럼,㈜페럼인프라(고문성),여주시 점동면 점동로 181(점동면 사곡리 산16-10),1164205,18,대중제
경기,ROUTE 52CC,케이알레저주식회사(유용승),여주시 북내면 중암1길 36,981310,18,대중제
경기,티클라우드 컨트리클럽,㈜제이레저(정길연),동두천시 평화로 3202 (하봉암동),1258590,18,회원제
경기,썬힐G.C,(주)다함레져 (안응수),가평군 조종면 운악청계로589번길 73,636434,18,회원제
경기,썬힐대중G.C,(주)다함레져 (안응수),가평군 조종면 운악청계로589번길 73,755324,18,대중제
경기,청평마이다스G.C,(주)대교디앤에스   (최득희),가평군 설악면 다락재로 73-111,1078729,18,회원제
경기,프리스틴밸리    G.C,"(주)평산투자개발   (박정호, 박치웅)",가평군 설악면 유명산로 1234-199,1156465,18,회원제
경기,아난티클럽    서울,아난티클럽서울(주) (이만규),가평군 설악면 유명산로961-34,1744453,27,회원제
경기,베네스트G.C,삼성물산㈜ (정금용),가평군 상면 둔덕말길 232,1707465,27,회원제
경기,크리스탈밸리C.C,㈜한송 (장대수),가평군 상면 대보간선로 602-111,926085,18,회원제
경기,리앤리C.C,리앤리어드바이저스㈜ (이강복),가평군 조종면 운악청계로 702-24,1372780,27,대중제
경기,베뉴지C.C,부국관광㈜ (김연경),가평군 가평읍 용추로 171번길 100,1694212,27,대중제
경기,자유로컨트리클럽,백학관광개발원㈜(김일중),연천군 백학면 노아로297번길 179-55,1385761,27,대중제
부산,부산컨트리클럽,(사)부산컨트리클럽(서정의),부산 금정구 중앙대로 2327번길 112(노포동),971759,18,회원제
부산,동래베네스트골프클럽,삼성물산(주)(정금용),부산 금정구 선동 하정로 66,1072081,18,회원제
부산,아시아드컨드리클럽,아시아드컨드리클럽㈜(황규태),부산 기장군 일광면 차양길 26,1450261,27,회원제
부산,해운대컨트리클럽,경원개발(주)(조성태),부산 기장군 정관면 병산2로 265,1527005,27,회원제
부산,하이스트컨트리클럽,(주)정상개발(박정오),부산 강서구 지상동 과학산단1로 172,375104,9,대중제
부산,해라컨트리클럽,㈜성우알앤디(김대원),부산 강서구 지상동 과학산단로 306번길 77,170913,9,대중제
부산,베이사이트골프클럽,일광개발(주)(백규현),부산 기장군 일광면 이천8길 100,1408628,27,회원제
부산,해운대비치골프앤리조트,해운대비치골프앤리조트㈜(박호성),부산 기장군 기장읍 대변로 74,846781,18,회원제
부산,기장동원로얄컨트리클럽,㈜남양종합개발(장정규),부산 기장군 기장읍 반송로 1345,384921,9,대중제
부산,스톤게이트컨트리클럽,㈜오션디앤씨(이치헌),부산 기장군 일광면 곡천길 317,1129738,18,대중제
서울,인서울27골프클럽,인서울27골프클럽㈜ (김태호),"서울시 강서구 오정로443-198, 인서울27골프클럽",998126,27,대중제
대구,팔공컨트리클럽,우경개발㈜(정찬우),대구광역시 동구 팔공산로 237길 186,769047,18,회원제
대구,냉천컨트리클럽,냉천개발㈜(윤상락),대구광역시 달성군 가창면 가창로 1037-9,181423,9,대중제
인천,인천국제컨트리클럽,㈜신태진,인천시 서구 도요지로 37,811919,18,회원제
인천,잭 니클라우스 골프클럽 코리아,송도국제도시개발유한회사,인천시 연수구 아카데미로 209,771912,18,회원제
인천,송도골프클럽,㈜송도골프,인천시 연수구 능허대로 236,116842,8,대중제
인천,인천그랜드컨트리클럽,㈜동군,인천시 서구 원석로 195,463583,18,대중제
인천,SKY72 골프클럽(바다코스),스카이72㈜,인천시 중구 공항동로 392,2685450,63,대중제
인천,SKY72 골프클럽(하늘코스),스카이72㈜,인천시 중구 공항동로135번길 267,934611,18,대중제
인천,베어즈베스트청라골프클럽,㈜블루아일랜드개발,인천시 서구 청라대로 316번길 45,1360105,27,대중제
인천,드림파크골프장,수도권매립지관리공사,인천시 서구 거월로 61,1533427,36,대중제
인천,오렌지듄스골프클럽,㈜오렌지링스,인천시 연수구 인천신항대로 1120,510720,18,대중제
인천,석모도컨트리클럽,해륜개발㈜,인천시 강화군 어류정길 177,717432,18,대중제
인천,영종오렌지골프장,㈜영종오렌지,인천시 중구 운서동 2851-15번지 일원,821952,18,대중제
인천,강화 선두리 골프장,㈜강호개발,인천시 강화군 해안남로 474번길 59,240286,9,대중제
광주,빛고을컨트리클럽,광주광역시도시공사사장,광주광역시 남구 효우로 153(노대동),201055,9,대중제
광주,에콜리안광산골프장,국민체육진흥공단이사장,광주광역시 광산구 오목내길 26(연산동),326823,9,대중제
광주,어등산컨트리클럽,(주)어등산리조트대표이사 고재철,광주광역시 광산구 무진대로 31(운수동),1567463,27,대중제
대전,유성컨트리클럽,강현모강은모,대전 유성구 현충원로 200(덕명동 215-7번지),1156423,18,회원제
대전,대덕복지센터,배재웅,대전 유성구 유성대로 1689번길 69(전민동 463번지),318382,9,대중제
대전,금실대덕밸리CC,정영숙,대전 유성구 테크노중앙로 210(용산동 676번지),259401,9,대중제
울산,보라골프장,반도개발(안영호),울주군 삼동면 삼동로 404,1425800,27,회원제
울산,삼남골프장,삼남(김혜숙),울주군 삼남면 방기가천로 179,247991,9,대중제
울산,더골프골프장,고암개발(노승현),울주군 서생면 용연길 206-52,806584,18,대중제
울산,울산골프장,울산개발(김석환),울주군 웅촌면 웅촌로 1,1428262,27,회원제
울산,베이스타즈CC,새정스타즈(정상헌),북구 어물동 산43-2 일원,730509,18,대중제
세종,세종에머슨컨트리클럽,세종에머슨㈜ ,세종시 전의면 운주산로 1510,1496123,27,회원제
세종,건설공제조합세종필드골프클럽,건설공제조합 ,세종시 정안세종로  1569,1009660,18,대중제
세종,세종레이캐슬골프&리조트,㈜자광홀딩스,세종시 전의면 의당전의로 252,1301532,27,대중제
강원,라데나골프클럽,두산큐벡스㈜(문희종),강원도 춘천시 신동면 칠전동길 72,1533823,27,회원제
강원,엘리시안 강촌컨트리클럽,지에스건설㈜(임병용),강원도 춘천시 남산면 북한강변길 688,1041925,27,회원제
강원,엘리시안 강촌대중골프장,지에스건설㈜(임병용),강원도 춘천시 남산면 북한강변길 688,445150,10,대중제
강원,제이드팰리스 골프클럽,한화호텔앤드리조트㈜ (김형조),강원도 춘천시 남산면 경춘로 212-30,986626,18,회원제
강원,남춘천컨트리클럽,주식회사 엠디아이레저개발(이형용),강원도 춘천시 신동면 오봉길 156,1365368,18,대중제
강원,휘슬링락컨트리클럽,㈜티시스(최창성),강원도 춘천시 남산면 동촌로 501,1716158,27,회원제
강원,오너스골프클럽,강촌칼론골프클럽㈜(김종현),강원도 춘천시 남산면 동촌로 667,1023599,18,대중제
강원,파가니카컨트리클럽,㈜레저플러스(조태석),강원도 춘천시 남면 소주고개로 145-10,1033746,18,대중제
강원,더플레이어스 골프클럽,㈜더플레이어스(권성호),강원도 춘천시 동산면 새술막길 438,1693564,27,대중제
강원,스프링베일리조트,㈜춘천골프아카 데미(홍순주),강원도 춘천시 동면 금베이길 93-27,289720,9,대중제
강원,로드힐스골프클럽,신영종합개발㈜(이정덕),강원도 춘천시 동산면 종자리로 148-16,1319723,27,대중제
강원,라비에벨컨트리클럽,코오롱글로벌㈜(윤창운)그린나래㈜(이정윤),강원도 춘천시 동산면 조양리 산 156강원도 홍천군 북방면 밭치리길 22-40,2090627,36,대중제
강원,베어크리크 춘천,삼보개발(주)(류경호),강원도 춘천시 신동면 혈동리 산49-1,922224,18,대중제
강원,오크밸리회원제골프장,에이치디씨리조트㈜(조영환),강원도 원주시 지정면 오크밸리1길 66,1839621,36,회원제
강원,오크밸리 대중골프장,에이치디씨리조트㈜(조영환),강원도 원주시 지정면 오크밸리1길 66,296695,9,대중제
강원,Oak Hills컨트리클럽,에이치디씨리조트㈜(조영환),강원도 원주시 지정면 오크밸리2길 58,929669,18,회원제
강원,센추리21컨트리클럽,센추리개발㈜(이병철),강원도 원주시 문막읍 궁말길 193,1034680,18,회원제
강원,센추리21컨트리클럽Ⅱ,센추리개발㈜(이병철),강원도 원주시 문막읍 궁말길 193,771962,18,대중제
강원,센추리21퍼블릭,센추리개발㈜(이병철),강원도 원주시 문막읍 궁말길 193,327800,9,대중제
강원,파크밸리골프클럽,강원레저개발㈜(설경원),강원도 원주시 소초면 바우실길 281,1072958,18,대중제
강원,동서울레스피아,㈜동서울레스피아(김유근),강원도 원주시 지정면 신평석화로 236,263484,9,대중제
강원,인터불고원주골프클럽,㈜호텔인터불고 원주(김삼남),강원도 원주시 동부순환로 200,158529,9,대중제
강원,샌드파인골프클럽,㈜승산(허인영),강원도 강릉시 저동등길 53,911927,18,회원제
강원,메이플비치골프&리조트,원익엘앤디㈜(이재천),강원도 강릉시 강동면 새목이길 110,776652,18,대중제
강원,오투리조트 C.C,㈜오투리조트(김영윤),강원도 태백시 서학로 861,1079900,18,대중제
강원,오투리조트 골프,㈜오투리조트(김영윤),강원도 태백시 서학로 861,467900,9,대중제
강원,설악프라자컨트리클럽,한화호텔앤드리조트㈜(김형조),강원도 속초시 미시령로 2983번길 56-20,834352,18,회원제
강원,영랑호컨트리클럽,㈜신세계영랑호리조트(송태승),강원도 속초시 영랑호반길 170,236439,9,대중제
강원,파인밸리컨트리클럽,㈜동양레저(강선),강원도 삼척시 근덕면 미근로 1629,969816,18,대중제
강원,블랙밸리컨트리클럽,블랙밸리C․C㈜(최승희),강원도 삼척시 도계읍 도상로 307-84,979681,18,대중제
강원,소노펠리체 컨트리클럽 비발디파크 웨스트,"㈜소노인터내셔널(민병소, 유태완)",강원도 홍천군 서면 한치골길 200,1031267,18,대중제
강원,소노펠리체 컨트리클럽 비발디파크 마운틴,"㈜소노인터내셔널(민병소, 유태완)",강원도 홍천군 서면 한치골길 262,489900,9,대중제
강원,소노펠리체 컨트리클럽 비발디파크 이스트,"㈜소노인터내셔널(민병소, 유태완)",강원도 홍천군 서면 한치골길 541-123,1306750,18,대중제
강원,비콘힐스골프클럽,우신물산㈜(박준엽),강원도 홍천군 홍천읍 높은터로 533,889200,18,대중제
강원,힐드로사이컨트리클럽,㈜이지아이아이앤디(황인택),강원도 홍천군 남면 한서로 2840,1031837,18,대중제
강원,클럽모우골프 &라이프스타일,㈜와이에이치레저개발(박윤하),강원도 홍천군 서면 장락동길66번길 51,1630602,27,대중제
강원,세이지우드CC홍천,와이케이디벨롭먼트㈜(김승건),강원도 홍천군 두촌면 광석로 898-160,1346136,27,대중제
강원,샤인데일골프&리조트,세안레져산업㈜(오성배),강원도 홍천군 서면 한서로 247-156,1698102,27,대중제
강원,웰리힐리컨트리클럽,신안종합리조트㈜(민영민),강원도 횡성군 둔내면 고원로 451,1899828,36,회원제
강원,웰리힐리퍼블릭골프장,신안종합리조트㈜(민영민),강원도 횡성군 둔내면 고원로 451,243350,10,대중제
강원,동원썬밸리컨트리클럽,성운개발㈜(정철희),강원도 횡성군 서원면 서원서로339번길 90,1097999,18,대중제
강원,알프스대영컨트리클럽,삼대양레저㈜(유두열),강원도 횡성군 우천면 하우로 1295,746919,18,대중제
강원,벨라스톤컨트리클럽,(주)진원(원연식),강원도 횡성군 서원면 옥계9길 124,947483,18,대중제
강원,에스엘세레스 옥스필드 CC,㈜에스엘세레스(최승현),강원도 횡성군 서원면 경강로 유현6길 28,1033598,18,대중제
강원,동강시스타대중골프장,㈜동강시스타(김오연),강원도 영월군 영월읍 사지막길 160,293133,9,대중제
강원,용평리조트골프클럽,(주)에이치제이매그놀리아 용평호텔앤리조트(신달순),강원도 평창군 대관령면 올림픽로 715,838497,18,회원제
강원,용평버치힐골프클럽,(주)에이치제이매그놀리아 용평호텔앤리조트(신달순),강원도 평창군 대관령면 올림픽로 715,983642,18,회원제
강원,용평리조트대중골프장,(주)에이치제이매그놀리아 용평호텔앤리조트(신달순),강원도 평창군 대관령면 올림픽로 715,268581,9,대중제
강원,휘닉스 컨트리클럽,휘닉스중앙 주식회사(이윤규),강원도 평창군 봉평면 태기로 227-84,1058644,18,회원제
강원,휘닉스대중골프장,휘닉스중앙 주식회사(이윤규),강원도 평창군 봉평면 태기로 227-84,190188,6,대중제
강원,알펜시아컨트리클럽,강원도개발공사(이만희),강원도 평창군 대관령면 솔봉로 325,1491721,27,회원제
강원,알펜시아 700골프클럽,강원도개발공사(이만희),강원도 평창군 대관령면 솔봉로 325,1270178,18,대중제
강원,하이원컨트리클럽,㈜강원랜드(이삼걸),강원도 정선군 고한읍 하이원길 265,1079662,18,대중제
강원,에콜리안정선골프장,"정선군,국민체육진흥공단",강원도 정선군 신동읍 새골길 112-49,504138,9,대중제
강원,한탄강컨트리클럽,㈜귀뚜라미랜드(이의병),강원도 철원군 갈말읍 순담길 59,876679,18,대중제
강원,설악썬밸리컨트리클럽,㈜동광개발(김상주),강원도 고성군 죽왕면 순포로 188,1481037,27,대중제
강원,소노펠리체 컨트리클럽 델피노,"㈜소노인터내셔널(민병소, 유태완)",강원도 고성군 토성면 미시령옛길 1153,642826,18,대중제
강원,파인리즈컨트리클럽,(주)에이치제이매그놀리아 용평파인리즈골프앤리조트(신달순),강원도 고성군 토성면 잼버리동로 267,1484811,27,대중제
강원,설해원,㈜새서울레저(권기연),강원도 양양군 손양면 공항로 230,1430946,27,대중제
강원,설해원 더 레전드 코스,㈜새서울레저(안제근),강원도 양양군 손양면 공항로 230,885584,18,대중제
충북,그랜드,청주개발㈜임재풍,청주시 청원군 오창읍 꽃화산길 14,1696299,27,회원제
충북,에스엘세레스임페리얼레이크,㈜에스엘레스안중기,충주시 금가면 다래울길 52,830332,18,대중제
충북,"아난티 중앙골프클럽(구,디에머슨)",중앙관광개발(준)이만규,진천군 백곡면 배티로 818-105,1151924,27,회원제
충북,천룡,천룡종합개발㈜윤진동,진천군 이월면 진안로 347-123,1153107,27,회원제
충북,천룡,천룡종합개발㈜윤진동,진천군 이월면 진안로 425,259636,9,대중제
충북,시그너스,㈜시그너스CC김영란 강석무,충주시 앙성면 중방곡길 57-44,345018,9,대중제
충북,시그너스,㈜시그너스골프CC강석무,충주시 앙성면 중방곡길 57-44,893383,18,대중제
충북,떼제베,㈜떼제베운영최영범,청주시 흥덕구 옥산면 동림2길 149 ,1567859,36,대중제
충북,썬밸리,㈜연흥개발이신근,음성군 삼성면 법말길 49,944976,18,대중제
충북,"세레니티cc(구, 실크리버)",㈜다음홀딩스김주영,청주시 서원구 남이면 문곡구절골길 235,1075151,18,회원제
충북,"세레니티cc(구, 실크리버)",㈜다음홀딩스김주영,청주시 서원구 남이면 문곡구절골길 236,465281,9,대중제
충북,중원,(유)중원골프크럽이용규,충주시 산척면 인등로 392,1179674,27,대중제
충북,레인보우힐스,㈜디비월드최경진,음성군 생극면 차생로 168,2180205,27,대중제
충북,스타cc,㈜나인포인트 김환웅,충주시 앙성면 상대촌1길 198,1005341,18,회원제
충북,아름다운cc,㈜아름다은정현숙,진천군 백곡면 소토골길 61,1434573,27,대중제
충북,골드나인,호정개발㈜정용희,청주시 청원구 낭성면 산성로 1520-17,421101,9,대중제
충북,센테리움,금강센테리움㈜최상순,충주시 노은면 솔고개로 750,1415008,27,대중제
충북,대호단양,㈜대호아이알황호연,단양군 매포읍 고양5길 43,920073,18,대중제
충북,대영베이스,㈜대영베이스권혁희,충주시 대소원면 성종두담길 113,999268,18,대중제
충북,골프존카운티 진천,㈜지씨진천서상현,진천군 진천읍 송강로 783-51,1200500,27,대중제
충북,오창에딘버러,"운하리조트㈜오형근,이창옥",청주시 청원구 오창읍 두릉유리로 846,391643,9,대중제
충북,이븐데일,(주)경원실업홍승우,청주시 상당구 미원면 대신2길 31,982711,18,대중제
충북,킹즈락,㈜이엔엘정성훈,제천시 천남동 내토로7길 136,1253344,27,대중제
충북,골프존카운티화랑,골프존카운티㈜서상현,진천군 문백면 농다리로 809,998111,18,대중제
충북,젠스필드,㈜신라레져이상균,음성군 삼성면 덕호로 382,896185,18,대중제
충북,로얄포레,"㈜신니개발김상현, 최동호",충주시 신니면 화치3길 35,926019,18,대중제
충북,대영힐스,㈜대영베이스권혁희,충주시 대소원면 성종두담길 114,1167916,27,대중제
충북,진양밸리,진양개발㈜이종현,음성군 삼성면 금일로 1195,1372015,27,대중제
충북,에콜리안제천,국민체육진흥공단조재기,제천시 고암동 송학 주천로 102,371280,9,대중제
충북,코스카,항석개발㈜이종광,음성군 음성읍 동음로 318,1421784,27,대중제
충북,클럽디속리산,㈜이도 최정훈,보은군 탄부면 평각상장로 230,828506,18,대중제
충북,킹스데일,킹스데일㈜,충주시 주덕면 기업도시3로 2,870252,18,대중제
충북,동촌,문성레저개발㈜이완희,충주시 노은면 감노로 1327 ,1047645,18,대중제
충북,세일,세일개발㈜권민수,충주시 신니면 동락길 207,880653,18,대중제
충북,클럽디보은,㈜이도 최정훈,보은군 보은읍 장속중초로 386,944128,18,대중제
충북,감곡cc,캠토㈜심천보,음성군 감곡면 문촌리 산81-6,1023114,18,대중제
충북,영동일라이트컨트리클럽,레인보우㈜전문수,영동군 영동읍 매천리 산35-1,889884,18,대중제
충북,올데이골프앤리조트,㈜에스엘세레스안중기,충주시 앙성면 조천리 350,1371052,27,대중제
충북,일레븐,(주)일레븐건설송창의,충주시 앙성면 본평리 산 43-1,1245258,18,대중제
충북,블랙스톤,㈜블랙스톤에듀팜원성역,증평군 도안면 벼루재길 334,690038,18,대중제
충남,우정힐스 컨트리클럽,그린나래㈜,천안시 동남구 목천읍 충정로 1048-68,1049767,18,회원제
충남,천안상록골프장,공무원연금관리공단,천안시 동남구 수신면 수신로 576,1314137,27,대중제
충남,골프존카운티 천안,㈜지씨천안,천안시 동남구 병천면 매성2길 103,913887,18,대중제
충남,뉴데이컨트리클럽,㈜마론,천안시 동남구 북면 납안5길 74,1027365,18,회원제
충남,프린세스 골프클럽,공주개발(주),공주시 정안면 방자들길 81-50(인풍리),751706,18,대중제
충남,골드리버CC,㈜웅진,공주시 의당면 신정말길 67-133(청룡리),152438,9,대중제
충남,계룡산골프장,계룡산골프장,공주시 계룡면 아랫난댕이길 17(내흥리),103426,9,대중제
충남,보령베이스CC,㈜대천리조트,보령시 옥마벚길 10,350420,9,대중제
충남,에스앤 골프리조트,㈜에스앤골프리조트,보령시 남포면 양항리 650-2,205503,9,대중제
충남,도고컨트리구락부,㈜도고칸추리크럽,아산시 선장면 삼봉산길 188,904536,18,회원제
충남,에스지아름다운골프&리조트,㈜단톡,아산시 영인면 영인산로 440,1648880,27,대중제
충남,서산수 골프앤리조트,서산수골프앤리조트,서산시 대산읍 삼길포7로 8,955691,18,대중제
충남,더힐 컨트리클럽,㈜일상,논산시 상월면 선비로 1079,247641,9,대중제
충남,아리스타 CC,대양레져산업개발㈜,연무읍 황화정리 산100,898530,18,대중제
충남,파인스톤 컨트리클럽,㈜동양관광레저,당진시 송산면 무수들길 90,686891,18,대중제
충남,파나시아 골프클럽,만진집단㈜,당진시 신평면 계명길 33,387448,9,대중제
충남,에딘버러 컨트리클럽,(주)부토,금산군 진산면 살구정길 167,1024690,18,회원제
충남,백제컨트리클럽,백제컨트리클럽㈜,부여군 은산면 충절로 3734-82,1459801,27,대중제
충남,㈜호텔롯데 스카이힐 부여CC,㈜호텔롯데,부여군 규암면 백제문로 470,981904,18,대중제
충남,골든베이골프&리조트,㈜셀럽골프앤리조트,태안군 근흥면 정선포로 217,1385535,27,대중제
충남,스톤비치컨트리클럽,㈜스톤비치,태안군 근흥면 갈음이길 88,523948,18,대중제
충남,로얄링스1,로얄링스㈜,태안군 태안읍 반곡길 284,707220,18,대중제
충남,로얄링스2,로얄링스㈜,태안군 태안읍 반곡길 284,714790,18,대중제
충남,솔라고CC1,㈜현대도시개발 일진레저㈜,태안군 태안읍 소곳이길 92-234,720400,18,대중제
충남,솔라고CC2,㈜현대도시개발 일진레저㈜,태안군 태안읍 소곳이길 92-234,843860,18,대중제
경북,오션힐스포항C.C(회),오션힐스골프앤리조트㈜ 이승도,포항시 북구 송라면 대전길 7,918977,18,회원제
경북,오션힐스포항C.C(대),오션힐스골프앤리조트㈜ 이승도,포항시 북구 송라면 대전길 7,400940,9,대중제
경북,청하이스턴C.C,㈜이스턴 이일선,포항시 청하면 용산길 94,238597,9,대중제
경북,포항C.C,㈜홍익레저산업 이대형,포항시 송라면 동해대로 2751번길 123,986443,18,대중제
경북,경주신라C.C,㈜경주신라CC 김철년,경주시 보문로 319,1876682,36,회원제
경북,보문G.C,경북문화관광공사 김성조,경주시 보문로 182-14,769499,18,대중제
경북,경주C.C,보문개발㈜ 박흥국,경주시 보문로 182-98,1461103,27,대중제
경북,마우나오션C.C,㈜엠오디 장재혁,경주시 양남면 동남로 982,786697,18,회원제
경북,마우나오션블루,㈜엠오디 장재혁,경주시 양남면 동남로 982,506975,9,대중제
경북,가든골프클럽,㈜코오롱글로텍 김영범,경주시 불국로 289-17(마동),175806,9,대중제
경북,우리G.C,㈜퍼블릭개발 임충희,경주시 양남면 동남로 972,442362,9,대중제
경북,서라벌G.C,㈜서라벌 김광세,경주시 외동읍 내외로 577-189,1979892,36,대중제
경북,골프존카운티 감포,㈜지씨감포 서상현,경주시 감포읍 동해안로 1819-59,983849,18,대중제
경북,디아너스C.C,㈜블루원 윤재연,경주시 보불로 391(천군동),1258239,27,회원제
경북,선리치G.C,㈜월성종합개발 이상걸,경주시 안강읍 검단장골길 181-17,244372,9,대중제
경북,안강레전드G.C,"옥산개발㈜ 허상호, 김태열",경주시 안강읍 낙산길 85,404646,9,대중제
경북,이스트힐C.C,㈜청학씨앤디 성세연,경주시 양남면 외남로 1377,1363308,18,대중제
경북,루나엑스C.C,㈜블루원 윤재연,경주시 천북면 천강로 412-299 ,1816593,24,대중제
경북,애플밸리C.C,에스엠하이플러스㈜ 최승석,김천시 어모면 작점로 606,486519,9,대중제
경북,포도C.C,㈜다옴 이세홍,김천시 구성면 남김천대로 2532,774060,27,대중제
경북,남안동C.C ,디아이개발㈜ 박춘영,안동시 일직면 풍일로 1887,1046500,18,회원제
경북,안동리버힐C.C,더리얼산업㈜ 이원상,안동시 풍천면 풍일로 1572,1017714,18,회원제
경북,안동레이크골프클럽,경북문화관광공사 김성조,안동시 관광단지로 316,982527,18,대중제
경북,골프존카운티 선산,㈜지씨선산 서상현,구미시 산동면 강동로 953-73,977678,18,회원제
경북,골프존카운티 구미,㈜지씨구미 서상현,구미시 산동면 강동로 953-74,541702,18,대중제
경북,구미C.C,신구미개발㈜ 박병웅,구미시 장천면 송백로 229,1205829,27,대중제
경북,오펠G.C,부성개발㈜ 구성식,영천시 고경면 호국로 1221-24,1311521,27,회원제
경북,영천C.C,임고개발㈜ 이승도,영천시 임고면 방목길 34-2,1332592,27,회원제
경북,시엘G.C,㈜금호개발 김도윤,영천시 청통면 청통로 334-41,186373,9,대중제
경북,청통골프장,㈜골프존카운티영천 서상현㈜골프존카운티 서상현,영천시 청통면 청통로 733,724398,18,대중제
경북,블루원상주골프리조트,㈜블루원 윤재연,상주시 모서면 화현3길 127,1038679,18,대중제
경북,뉴스프링빌Ⅱ,㈜동승레저 박용민,상주시 모서면 백화로 40,1081418,18,대중제
경북,문경레저타운골프장,㈜문경레저타운 정광호,문경시 마성면 문경골프장길 240,1022039,18,대중제
경북,대구C.C,"경산개발㈜ 우승백, 우승수",경산시 진량읍 일연로 718-42,1080303,27,회원제
경북,인터불고컨트리클럽,인터불고컨트리클럽㈜ 최만수,경산시 삼성현로 614-26,1695525,27,회원제
경북,구니C.C,케이알스포츠㈜ 유재봉,군위군 군위읍 도군로 2450,841556,18,대중제
경북,군위오펠G.C,신우개발㈜ 이정익,군위군 산성면 부흥로 227,999080,18,대중제
경북,이지스카이CC,㈜이지컨트리클럽 박현철,군위군 군위읍 대흥1길 48-148,891436,18,대중제
경북,엠스클럽의성,㈜바이오컨트리클럽 최영수,의성군 봉양면 농공마전길 125-78,957974,18,대중제
경북,  ,대지개발㈜ 문병동,의성군 봉양면 농공마전길 125-78,496811,9,대중제
경북,파라지오C.C,"㈜파라지오 최정헌, 정영권",의성군 봉양면 신평리 산50,972560,18,대중제
경북,오션비치C.C,㈜오션비치 박재선,영덕군 강구면 동해대로 4265-43,1410518,27,대중제
경북,그레이스C.C,㈜태왕아너스 이명숙,청도군 이서면 서녁길 91,1465851,27,대중제
경북,오션힐스청도G.C,유창개발㈜ 이승도,청도군 매전면 곰티로 370-204,804257,18,대중제
경북,펜타뷰골프클럽,아리유㈜ 이건순,청도군 금천면 금천로 709,249315,9,대중제
경북,유니밸리C.C,고령컨트리클럽㈜ 박선자,고령군 고령읍 일량로 588,385623,9,대중제
경북,마스터피스CC,㈜누가개발 김인자,고령군 쌍림면 산막길 47-80,1034362,18,대중제
경북,대가야CC,㈜흥진레저 심병재,고령군 대가야읍 대가야로 1103,469311,9,대중제
경북,다산 샤인힐CC,두강건설㈜ 이정익,고령군 다산면 벌지로 175-115,1031280,18,대중제
경북,파미힐스C.C,"㈜한길 최성혁, 김종, 황만옥",칠곡군 왜관읍 봉계로 263,2094223,36,회원제
경북,마이다스 구미 골프아카데미,㈜대교디앤에스 최득희,칠곡군 가산면 학하2길 54-171,428970,9,대중제
경북,세븐밸리C.C,㈜세븐밸리제이씨 유진선,칠곡군 왜관읍 봉계3길 180,941849,18,대중제
경북,칠곡아이위시C.C,㈜동화레져 문종혁,칠곡군 기산면 노석1길 49-112,375039,9,대중제
경북,한맥C.C&노블리아,한맥개발㈜ 임기주,예천군 호명면 한맥 골프장길 72,1000226,18,대중제
경북,원남골프장,울진군수,울진군 매화면 오산리 산26,1221145,18,대중제
경남,창원컨트리클럽,㈜창원컨트리클럽 송부욱,창원시 의창구 대봉로 137,1048959,18,회원제
경남,용원컨트리클럽,용원개발㈜최정호,창원시 진해구 가주로 133,1635886,27,회원제
경남,아라미르골프앤리조트,용원개발㈜최정호,창원시 진해구 수제로 36,1406363,36,대중제
경남,진주컨트리클럽,진주개발㈜김영재,진주시 진성면 진성로 464번길 82,1068481,18,대중제
경남,통영동원로얄컨트리클럽,동원관광개발㈜이만수,통영시 산양읍 담안길 240,983676,18,대중제
경남,서경타니CC,타니골프엔리조트㈜ 윤철지,사천시 곤양면 흥신로 210,1221929,27,대중제
경남,서경타니CC,타니골프엔리조트㈜ 윤철지,사천시 곤양면 흥신로 210,437325,9,대중제
경남,삼삼컨트리클럽,삼삼레져개발㈜박 명식,사천시 축동면 화당산로 224,391178,9,대중제
경남,골프존카운티 사천,㈜한올강성일,사천시 서포면 구송로 151,1510534,27,대중제
경남,가야컨트리클럽,가야개발㈜김영섭,김해시 인제로 495,2822471,45,회원제
경남,가야컨트리클럽,가야개발㈜김영섭,김해시 인제로 495,164773,9,대중제
경남,김해정산컨트리클럽,정산개발㈜이순영,김해시 주촌면 서부로 1637번길 299-194,1563744,27,회원제
경남,롯데스카이힐김해컨트리클럽,㈜롯데산업,김해시 진례면 고모로 134번길 54-49,1030540,18,회원제
경남,김해상록컨트리클럽,공무원연금공단김해상록골프장 박노종,김해시 한림면 김해대로 974번길 198,963482,18,대중제
경남,리더스컨트리클럽,㈜리더스컨트리클럽이삼영,밀양시 활성로 455,1405663,27,대중제
경남,밀양컨트리클럽,㈜밀양컨트리클럽임경주,밀양시 부북면 전사포리 832,296984,9,대중제
경남,거제드비치골프클럽,드비치골프클럽㈜최병호,거제시 장목면 거제북로 1573,936155,18,회원제
경남,거제뷰컨트리클럽,㈜다원종합건설이철수,거제시 거제면 옥산리 285-3,800568,18,대중제
경남,통도파인이스트컨트리클럽,㈜동일리조트김은수,양산시 하북면 신평남부길 29-12,2198232,36,회원제
경남,동부산컨트리클럽,㈜동부산컨트리클럽최성필,양산시 매곡외산로 282,1448364,27,회원제
경남,에이원컨트리클럽,에이원컨트리클럽㈜ 홍세희,양산시 덕명로 190,1680668,27,회원제
경남,에덴밸리컨트리클럽,신세계개발㈜문성필,양산시 원동면 어실로 910,920431,18,회원제
경남,양산컨트리클럽,㈜양산컨트리클럽신영철,양산시 상북면 충렬로 687,1599832,27,대중제
경남,다이아몬드컨트리클럽,다이아몬드컨트리클럽㈜  문 호,양산시 상북면 공원로 305-391,1291000,18,대중제
경남,의령친환경골프장,의령군수,의령군 의령읍 남강로 417,235262,9,대중제
경남,의령 리온컨트리클럽,"우신레저㈜강헌석, 김사국",의령군 칠곡면 내조리 산113,1437044,27,대중제
경남,골프존카운티 경남,㈜지씨경남서상현,함안군 칠원면 운무로 470,786500,18,대중제
경남,부곡컨트리클럽,현일개발㈜배영환,창녕군 부곡면 온천로 445,942431,18,회원제
경남,힐마루컨트리클럽,㈜ 동 훈김점동,창녕군 장마면 영산계성로 469-195,995616,18,회원제
경남,힐마루컨트리클럽,㈜ 동 훈김점동,창녕군 장마면 영산계성로 469-195,1012743,18,대중제
경남,고성노벨컨트리클럽,고성관광개발㈜최경훈,고성군 회화면 회진로 567,1303897,27,회원제
경남,고성컨트리클럽,㈜ 쌍 마정창균,고성군 고성읍 월평3길 250,253743,9,대중제
경남,아난티남해CC,㈜아난티이만규,남해군 남면 남서대로 1179번길 40-109,378840,9,대중제
경남,아난티남해GC,㈜아난티이만규,남해군 남면 남서대로 1179번길 40-109,377429,9,대중제
경남,사우스케이프오너스클럽,"㈜한섬피앤디 이종배정재봉,정형진",남해군 창선면 흥선로 1505번길 95,1331102,18,대중제
경남,경남스카이뷰CC,"(주)경남관광호텔김점판,김애경",함양군 서상면 소로길 207,1032347,18,대중제
경남,아델스코트 컨트리클럽,해인레저산업㈜김종헌,합천군 가야면 가조가야로 1916-35,1399432,27,대중제
경남,거창친환경대중골프장,국민체육진흥공단거창군수,거창군 가조면 우륵길 410-284,571765,9,대중제
경남,양산동원로얄CC,㈜아시아드티앤디송영범,양산시 어곡동 산283번지,938811,18,대중제
경남,밀양노벨컨트리클럽,㈜밀양관광개발최이경,밀양시 단장면 단장로 946,986608,18,대중제
경남,클럽디거창,코리아신탁㈜백인균,거창군 신원면 덕산리 산 13번지,1814016,27,대중제
전북,전주월드컵골프장 ,전주시장(전주시설공단),전라북도 전주시 덕진구 온고을로 672,156851,9,대중제
전북,군산CC,군산레저산업㈜(박성주),전라북도 군산시 옥서면 남산군로 1685,4240782,81,대중제
전북,익산컨트리클럽,익산관광개발㈜(안정현),전라북도 익산시 무왕로38길 111,797168,18,대중제
전북,상떼힐CC,익산관광개발㈜(안정현),전라북도 익산시 무왕로38길 111,163426,6,대중제
전북,웅포컨트리클럽,㈜베어포트리조트(박재형),전라북도 익산시 웅포면 강변로 130,917246.11,18,대중제
전북,CLUBD 금강,㈜이도(최정훈),전라북도 익산시 웅포면 강변로 130,1242476.09,18,대중제
전북,태인CC,우진관광개발㈜(고환승),전라북도 정읍시 태인면 상증길 28,854121,18,대중제
전북,태인CC,우진관광개발㈜(고환승),전라북도 정읍시 태인면 상증길 28,208794,9,대중제
전북,내장산골프&리조트,"㈜대일내장산 컨트리클럽         (김호석, 김은정)",전라북도 정읍시 첨단과학로 476,913884.4,18,대중제
전북,남원상록골프장,공무원연금공단,전라북도 남원시 대산면 월계길 11,1157.2,18,대중제
전북,골프존 카운티 드래곤,신한레저㈜(박남식),전라북도 남원시 대산면 대사로 498,939327,18,대중제
전북,골프존 카운티 드래곤,골프존카운티㈜(서상현),전라북도 남원시 대산면 대사로 498,456315,9,대중제
전북,아네스빌CC,유한책인회사벽원레저개발(이우복),전라북도 김제시 황산면 높은메길 160-39,299986,9,대중제
전북,에스페란사GC,에스페란사GC(정양기외2),전라북도 김제시 금구면 낙산로 120,147181,10,대중제
전북,김제스파힐스CC,㈜티엠지개발(김현하),전라북도 김제시 온천길 37,559779,18,대중제
전북,더나인골프클럽,부흥산업개발㈜(김병철),전라북도 김제시 금구면 대화1길 8-75,446586,9,대중제
전북,OKCC,㈜오케이(문무양),전라북도 완주군 소양면 화심리 300,341398,9,대중제
전북,케이밸리컨트리클럽,스마트시티(유)(김한주)(유)미래로골프(송호범),전라북도 완주군 운주면 산북리 65-4,125496,9,대중제
전북,써미트CC,㈜써미트(정순례),전라북도 진안군 부귀면 부귀로 72-161,1405820,27,대중제
전북,무주덕유산CC,"㈜무주덕유산리조트(이중근, 이종혁)",전라북도 무주군 설천면 만선로 185,848000,18,회원제
전북,골프존카운티무주,㈜케이제이클럽(유현식)㈜골프존카운티(서상현),전라북도 무주군 안성면 장무로 1537-21,895464.6,18,대중제
전북,장수골프리조트,장수레저㈜(박평섭),전라북도 장수군 계남면 장안산로 303,11700330.9,18,대중제
전북,전주샹그릴라CC,광산관광개발㈜(최영범),전라북도 임실군 신덕면 수지로 559-90,1221618,27,회원제
전북,금과골프장,금과관광레저타운( 정영곤),전라북도 순창군 금과면 담순로 716,74258,6,대중제
전북,디케이레저,㈜순창씨씨(CC)(김대식),전라북도 순창군 순창읍 금산로 152,203636,9,대중제
전북,고창CC,동호레저㈜(김선미),전라북도 고창군 심원면 애향갯벌로 70,760515,21,대중제
전북,골프존카운티선운,㈜골프존카운티(서상현),전라북도 고창군 아산면 운곡로 418,930788,18,대중제
전북,석정힐CC,석정레저㈜(김혜성),전라북도 고창군 고창읍 석정2로 192,610249.5,18,대중제
전남,여수시티파크골프&호텔,여수관광레저㈜(김영한),여수시 좌수영로 641,1035509,18, 대중제 
전남,디오션CC,일상해양산업㈜(김종관),여수시 화양면 장수 암포로 142,1103049,18, 대중제 
전남,세이지우드여수경도,와이케이디벨롭먼트㈜(김승건),여수시 대경도길 33,1640629,27, 대중제 
전남,승주CC,㈜포스코오앤엠(김정수),순천시 상사면 오실길 333,1791833,27, 회원제 
전남,파인힐스CC,㈜파인힐스(이화영),순천시 주암면 송광사길 99,1505472,27, 대중제 
전남,순천CC,죽산기업㈜(임종욱),순천시 별량면 동화사길 85,342120,9, 대중제 
전남,골프존카운티 순천,㈜레이크힐스순천(서상현),순천시 주암면 행정1길 77,1627955,36, 대중제 
전남,순천부영CC,㈜부영주택(최양환),순천시 해룡면 신대로 188,842238,18, 대중제 
전남,골드레이크CC,나주관광개발㈜(임대형),나주시 남평읍 나주호로 442-129,875813,18, 대중제 
전남,골드레이크CC,나주관광개발㈜(임대형),나주시 남평읍 나주호로 442-129,955301,18, 회원제 
전남,해피니스CC,해피니스컨트리클럽㈜(차재진),나주시 다도면 다도로 171-60,1381092,18, 대중제 
전남,해피니스CC,해피니스컨트리클럽㈜(차재진),나주시 다도면 다도로 171-60,820632,18, 회원제 
전남,나주CC,㈜나주컨트리클럽(김천종),나주시 공산면 상방신포길 154-32,247058,9, 대중제 
전남,나주힐스CC,나주수목원㈜(김태식),나주시 공산면 삼방신포길 160-27,242878,9, 대중제 
전남,광양CC,거명레저㈜(반재경),광양시 가야로 223,234987,6, 대중제 
전남,창평CC,㈜담양골프랜드(김형준),담양군 창평면 오산길 100,263053,9, 대중제 
전남,담양레이나CC,에이취에이취레저㈜(차성만),담양군 금성면 깊은실길 169,785210,18, 대중제 
전남,죽향CC,㈜죽향산업(한정수),담양군 창평면 창평로 159,396682,9, 대중제 
전남,광주CC,"광주관광개발㈜(고혁주, 류연진)",곡성군 옥과면 입면로 455,1165945,27, 회원제 
전남,옥과기안CC,경주김씨성균생원공파(기안레저㈜위탁운영),곡성군 옥과면 입면로 197,242563,9, 대중제 
전남,보성CC,㈜와이엔텍(김태영),보성군 조성면 조성3길 338,911572,18, 대중제 
전남,보성에덴CC,안형상 외 2,보성군 보성읍 원봉리 498,295701,9, 대중제 
전남,화순엘리체CC,엘리체레저(유)(류채봉),화순군 춘양면 장곡길 55,1067821,18, 회원제 
전남,화순CC,㈜화순CC(최창식),화순군 도곡면 천태로 1000-151,1545440,27, 회원제 
전남,조아밸리CC,조아개발㈜(조우석),화순군 도곡면 고인돌2로 450,429088,9, 대중제 
전남,무등산CC,동광레저개발㈜(박만주),화순군 화순읍 오성로 292-90,1575772,27, 대중제 
전남,JNJ골프리조트,정남진골프리조트㈜(고동현),장흥군 장평면 제산기동로 326,1450502,27, 대중제 
전남,다산베아채 골프앤리조트,다산배아채컨트리클럽㈜(이애자),강진군 도암면 학장리 87-1,1420762,27, 대중제 
전남,오시아노골프클럽,한국관광공사(안영배),해남군 화원면 시아로 224,538288,9, 대중제 
전남,파인비치골프링크스 ,파인비치㈜(이화영),해남군 화원면 시아로 224,834771,18, 대중제 
전남,솔라시도CC,피앤지에이개발㈜(이양규),해남군 산이면 산이로 2247,774903,18, 대중제 
전남,아크로CC,영암관광개발㈜(박현재),영암군 금정면 안적동길 403,1462477,27, 대중제 
전남,사우스링스영암cc,썬카운티㈜(한길수),영암군 삼호읍 에프원로 121-1,1804843,45, 대중제 
전남,무안CC,"남화산업㈜(최재훈, 최영곤)",무안군 청계면 서호로 162,1969760,54, 대중제 
전남,클린밸리CC,㈜영산(조영희),무안군 청계면 동암길 2-200,839686,18, 대중제 
전남,함평엘리체CC,함평엘리체컨트리클럽㈜(류채봉),함평군 학교면 서당매길 242,1347715,27, 대중제 
전남,함평천지CC,"㈜지민산업(정유신, 김유)",함평군 함평읍 함장로 889-11,234544,9, 대중제 
전남,웨스트오션CC,대호관광개발㈜(윤오중),영광군 백수읍 해안로 1362-70,951318,18, 대중제 
전남,에콜리안영광골프장,영광군수(국민체육진흥공단),영광군 영광읍 월현로 1길 40,421962,9, 대중제 
전남,푸른솔골프클럽,동화기업㈜(유순태),장성군 동화면 임정로 155,1312986,27, 대중제 
전남,백양우리CC,덕승개발㈜(김승룡),장성군 북이면 봉암로 1574,297540,9, 대중제 
제주,블랙스톤리조트,(주)블랙스톤리조트 / 원기룡,제주시 한림읍 한창로 925-122,1021348,18,회원제
제주,블랙스톤리조트,(주)블랙스톤리조트 / 원기룡,제주시 한림읍 한창로 925-122,424780,9,대중제
제주,㈜호텔롯데스카이힐제주CC,(주)호텔롯데 / 김정환,서귀포시 상예로 530,772881,18,회원제
제주,㈜호텔롯데스카이힐제주CC,(주)호텔롯데 / 김정환,서귀포시 상예로 530,945053,18,대중제
제주,테디밸리골프앤리조트,(주)제이에스앤에프개발/ 김준,제주 서귀포시 안덕면 한창로 365,975395,18,회원제
제주,에버리스골프리조트,신안관광개발㈜ / 강승홍,제주시 애월읍 평화로 1693-75,637488,18,회원제
제주,에버리스골프리조트,신안관광개발㈜ / 강승홍,제주시 애월읍 평화로 1693-75,341400,9,대중제
제주,그린필드골프장,㈜형삼문 / 신지호,제주시 조천읍 번영로1040-70,959076,18,회원제
제주,라온골프클럽,라온레저개발㈜ / 손광섭,제주도 제주시 한경면 용금로 998,1292392,27,대중제
제주,사이프러스,남영산업㈜ / 김헌국,서귀포시 표선면 번영로 2300,786019,18,회원제
제주,사이프러스,남영산업㈜ / 김헌국,서귀포시 표선면 번영로 2300,889445,18,대중제
제주,엘리시안 제주cc,GS건설㈜ / 임병용,제주시 애월읍 평화로 1738-116,804452,18,회원제
제주,엘리시안 제주cc,GS건설㈜ / 임병용,제주시 애월읍 평화로 1738-116,733605,18,대중제
제주,sk핀크스골프장,SK 핀크스㈜ / 강석현,서귀포시 안덕면 산록남로 863,874521,18,회원제
제주,sk핀크스골프장,SK 핀크스㈜ / 강석현,서귀포시 안덕면 산록남로 863,370327,9,대중제
제주,골프존카운티오라,글래드호텔앤리조트㈜ / 양경홍㈜ 골프존카운티 / 서상현,제주도 제주시 오라남로 130-16(오라이동),1107441,18,회원제
제주,골프존카운티오라,글래드호텔앤리조트㈜ / 양경홍㈜ 골프존카운티 / 서상현,제주도 제주시 오라남로 130-16(오라이동),939664,18,대중제
제주,㈜우리들리조트 제주,(주)우리들리조트제주 / 이승렬,제주특별자치도 서귀포시 산록남로 2914,1086689,18,대중제
제주,플라자CC 제주,한화호텔앤드리조트㈜ / 김형조,제주특별자치도 제주시 명림로 575-107,442376,9,대중제
제주,㈜부영CC,(주)부영CC / 정동진,서귀포시 남원읍 남조로 960,993803,27,대중제
제주,레이크힐스,"(주)레이크힐스 / 윤진섭, 정교진",제주특별자치도 서귀포시 중문동 산5,1168124,27,회원제
제주,클럽나인브릿지,"CJ대한통운주식회사 / 손관수, 박근태, 김춘학",제주특별자치도 서귀포시 안덕면 광평로34-156,962756,18,회원제
제주,나인브릿지 퍼블릭,"CJ대한통운주식회사 / 손관수, 박근태, 김춘학",제주특별자치도 서귀포시 안덕면 광평로34-156,220523,6,대중제
제주,제주CC,㈜제주컨트리구락부 / 정재훈,제주특별자치도 제주시 516로 2695번지,1443394,18,대중제
제주,샤인빌파크C.C.,(주)록 / 박찬수,서귀포시 표선면 가시로 384,623360,18,대중제
제주,세인트포CC,㈜제이제이한라 대표이사 남규환,제주시 구좌읍 선유로 445-55,363262,9,회원제
제주,세인트포CC,㈜제이제이한라 대표이사 남규환,제주시 구좌읍 선유로 445-55,1360438,27,대중제
제주,제주힐CC,(주)제주힐cc / 박원석,제주시 516로 2696-117,283520,9,대중제
제주,중문GC,한국관광공사 / 정창수,서귀포시 중문관광로 72버길 60,917764,18,대중제
제주,캐슬렉스제주GC,㈜캐슬렉스제주 / 최세환,서귀포시 평화로 1241,858271,18,회원제
제주,캐슬렉스제주GC,㈜캐슬렉스제주 / 최세환,서귀포시 평화로 1241,285698,9,대중제
제주,크라운CC,(재)관정이종환 / 안동일,제주시 북선로 125,961720,27,대중제
제주,해비치CC,해비치호텔앤드리조트㈜ / 김민수,서귀포시 원님로 399번길 319,797237,18,회원제
제주,해비치CC,해비치호텔앤드리조트㈜ / 김민수,서귀포시 원님로 399번길 319,769915,18,대중제
제주,타미우스CC,㈜타미우스 / 신진성,제주시 화전길 201,1164583,27,회원제
제주,라헨느,"라헨느리조트㈜ / 강창원, 박준영",제주시 명림로 375,807383,18,회원제
제주,한라산CC,㈜부건 / 김용덕,제주시 선돌목동길 56-46,643347,18,대중제
제주,더클래식CC,"㈜더클래식CC / 이중근, 이용곤",서귀포시 남조로 1105,726587,18,대중제
제주,스프링데일,㈜동국개발 / 강국창,서귀포시 서성로 459,761919,18,대중제
제주,에코랜드,㈜더원 / 정우석,제주시 번영로 1278-169,1317514,27,대중제
제주,아덴힐,아덴힐리조트앤골프㈜ / 정종인,제주시 화전길 82,710250,18,대중제
